Тип,Тональность,Заголовок,Достоинства,Недостатки,Текст
HR,Позитивный,,"пришла работать в Адамас после того, как разговорилась с соседкой, которая уходила в декрет. Поняла, что в офисе я зарабатываю меньше, да и сама работа откровенно скучная, в магазине все же побольше общения будет, а я это люблю. Влилась быстро, испытательный буквально пролетел. Довольна, что сменила работу.",Для меня неудобная форма.,
HR,Позитивный,,Работа для уверенных в себе людях. Для консультантов заработок не имеет потолка. Физически не поднимаете ничего тяжелее ручки. Как бонус-приятные скидки для сотрудников.,работа в праздничные дни. но в этьи дни получается больше заработать.,
Продуктовый,Позитивный,"Костел Божьего Тела и усыпальница Радзивиллов (Беларусь, Несвиж) - впечатляет...","архитектура - раннее барокко, это один из первых Костёлов в Беларуси, внутреннее убранство Костёла восхищихает,",нет,"Всем доброго дня.
В очередной поездке в Беларусь вновь посетили городок Несвиж. На этот раз, на мою радость, был открыт Фарный Костёл или Костёл Божьего тела, который расположен на окраине города, как раз там, откуда идёт дорога к замку Радзивиллов.
Но в этот раз, как и в прошлый год - там шли ремонтные работы. Тем не менее, можно было пройти на территорию, зайти внутрь и полюбоваться красотой внутреннего убранства костёла.
Название ""фарный"" для меня было непонятным, потом я выяснила, что это значит приходской...



Сам Костёл - древнее сооружение, это усыпальница рода Радзивиллов. Территория вокруг костёла огорожена высокой оградой, попасть внутрь можно через боковую калитку ... центральные ворота были закрыты. Каменная ограда с витыми решётками также в настоящее время обновляется...


Костёл имеет красивый двухярусный фасад, а плавные соединительные изгибы ярусов добавляют строению и величественности и эллегантности. В двух нишах второго яруса установлены красивые большие скульптуры.



Розовато-голубоватая цветовая отделка (с разводами под мрамор) вертикальных колонн и пилястр костёла смотрится впечатляюще. Много резьбы, и других архитектурных решений. Во всём облике - и строгость и красота.
Костёл старинный, как я уже писала, год его основания - 1593 год, а построен он был итальянским архитектором Бернардони по образу Римских храмов. А вот инициатором постройки Костёла был Миколай Радзивилл по прозвищу ""Сиротка"" - тогдашний правитель в Несвиже. На сегодняшний день в подвалах Костёла многочисленное захоронение рода Радзивиллов, там не менее 70 саркофагов...
Костёл был построен во время расцвета Польского королевства и Литовского княжества - которые с 1569 года объединились в государство с интересным названием Речь Посполитая. Род Радзивиллов был одним из самых богатых в этом государстве.
Ещё одна особенность этого Костёла - он никогда не закрывался, службы в нём проходят регулярно...
Сбоку хорошо виден единственный купол Костёла.



Боковая калитка - тоже своего рода ворота, но поменьше размером...



Внутри Костёл просто поражает своим великолепием, да и размахами тоже!
Внутри очень светло... Такое впечатление, что свет льётся со всех щелей, как говорится. Просто архитектура костёла такова, что свет проникает и через боковые окна, и через верхние окна и через окна купола тоже... и практически заливает всё пространство.
От этого создаётся впечатление ещё большего пространства и свободы!



Хорошо видно, что внутреннее помещение разделёно на три части - основная центральная и по обеим сторонам от неё - два нефа - длинные боковые проходы.
Также хорошо видны мощные несущие колонны, которые наверху соединяются арочными сводами...
Вот правый неф...



А вот левый неф.



От нефов отделяются боковые овальные ниши - и в каждом своя композиция.







Прямо над главным входом расположен орган. Хотелось бы послушать, но увы... наверно, в следующий приезд точно повезёт...



А алтарь украшен картиной ""Тайная вечеря"", художник Геский.



Внутреннее убранство костёла - арочные проёмы, очень много живописи, фресок, каменной резьбы, картин, скульптур, цветов ... и повторюсь - много-много дневного света.
Люстры, кстати, тоже есть - большие, красивые, богатые.

Много здесь и деревянных конструкций - резных решёток, ограждений, а необычные деревянные балконы закреплены прямо на несущих колоннах...







Поскольку совсем недавно был праздник Пасхи, в костёле много композиций, посвящённых этому празднику.







В центральной части - по обеим сторонам расположены деревянные скамейки, обилие росписи...







Скульптуры, картины, и даже исторические личности Римско-католической церкви, внёсших вклад в её становление...











Конечно много изображений и скульптур Христа, Мадонны (дева Мария).











Есть информация и о платном посещении крипты (усыпальницы) в подвале костёла.
Плата чисто символическая 5 бел. рублей это 150 российских рубля. Но усыпальница была закрыта.



Напоследок обвела взглядом потолок ... поражает красота росписи...







Радзивиллы - один из богатейших родов своего времени. Великолепие костёла лишь подтвержает это.
На территории костёла также расположена замковая Башня - это оборонительное сооружение для первоначальной защиты Несвижского замка Радзивиллов со стороны Слуцких ворот (въезные ворота с город). Сейчас она тоже на реставрации.







Очень советую посетить эти исторические места. Костёл - 16 век, стиль барокко... и совсем недалеко замок Радзивиллов!"
Продуктовый,Позитивный,"Костел Божьего Тела и усыпальница Радзивиллов (Беларусь, Несвиж) - ""Не посетить фарный костёл - не побывать в Несвиже!"" (+эксклюзивные фото внутреннего убранства)!","Аутентичный памятник эпохи раннего барокко, потрясающие иконы и фрески",Могут возникнуть сложности с фотосъёмкой внутри,"Среди достопримечательностей старинного города Несвижа фарный костёл Божьего тела или Наисвятейшего Тела Господня, занимает особое место.

Цель этого отзыва - не похвастаться увиденной красотой, но дать человеку, который придёт в это место, понятие, _что именно_ он видит. Помочь не ""потеряться"" в этом великолепии, не пропустить важное.
Поэтому обойтись без исторических экскурсов просто невозможно.

... Деревянный костел стоял на этом месте еще в начале XVI века. Тогдашний владетель Несвижа - Радзивилл Черный - крепко задружил с кальвинистами, так что в костеле скоро запели совсем другие псалмы...
Но сын его, Николай Христофор, прозванный Сироткой, усилиями папского нунция вернулся в лоно католической церкви. Он же и пригласил в Несвиж братьев-иезуитов, для которых возжелал построить на этом месте каменный костёл.
Первый блин вышел комом. Уже возведенное здание было забраковано, как Сироткой, так и самими иезуитами. Может, качество стройки не понравилось, а может, стиль был не тот. Так что постройку разобрали, невзирая на убытки, благо отчитывался Николай Христофор Радзивилл только перед Богом и самим собой. И вот тогда по личной просьбе Сиротки из Италии приехал монах-иезуит Джованни Мария Бернардони...
Гениальный зодчий начинал свою карьеру простым каменщиком, затем помощником архитектора на строительстве соборной церкви Иль-Джезу - главного храма ордена иезуитов. Не случайно фарный костёл Несвижа и его собрат, костёл св. Петра и Павла в Кракове, похожи на базилику Иль-Джезу...
Стройка велась ударными темпами. Магнаты - это вам не олигархи, ставить цели и добиваться их они умели! Усиленное финансирование дало свои плоды - костёл стал первым в Речи Посполитой иезуитским храмом, и, пусть и условно, первой постройкой архитектуры барокко во всей Восточной Европе. Опередив заложенных куда раньше ""собратьев"".
Возведенный храм являет собой уникальное строение эпохи раннего барокко. Настолько раннего, что нынешние специалисты стали относить его к переходному периоду. Даже название отдельное придумали - маньеризм...


Но пока сие суконное определение не стало официальным, будем оставаться с милым уху и сердцу - ""раннее барокко"". ;))

После того, как орден иезуитов был распущен, костёл стал парафиальным (приходским). Тогда его и стали называть фарным, то бишь ""главным"". Костёл этот не закрывался никогда, ни во времена Российской империи, ни в годы Советской власти.



Расположен сей выдающийся памятник архитектуры очень удобно, в паре минут ходьбы от Несвижского замка, в десяти - от автостанции. Как ни странно, именно благодаря расположению он обдёлён вниманием - значительная часть гостей города просто... проходят мимо, к замку и паркам, удостоив старинный храм, в лучшем случае, парой взглядов...

Сейчас костёл Тела Господня под реставрацией. Официальный срок окончания работ даже не объявлен, визуально можно понять, что до финала еще далеко. Одна из причин - обстоятельства, вскрывшиеся в процессе реставрации.



Фронтон костёла действительно имеет композиционное сходство с римской базиликой Иль-Джезу.



Статуи на фронтоне - слева св. Игнатий Лойола, справа - св. Франциск Ксаверий.
Надпись на латыни гласит: ""Поклонюсь святому дому Твоему в страхе Твоем"".
Скульптуры святых Николая и Христофора, которые стояли в нишах внизу видимо, взяли на реставрацию.



Башенка слева от входа - нынешняя звонница костёла, в XVI веке была частью городских укреплений. Замковая башня прикрывала ворота, которые вели в замок из города.



Небольшое белое строение справа от входа - каплица святого Роха, именуемая еще ""часовней Булгарина"" или ""башней убийцы"". Построена в 1747 году. Скандербек Булгарин, дед литератора Фаддея Булгарина, поссорился на меже с помещиком Узловским, и в запале ссоры застрелил его. Пока шел суд, была построена эта башенка, и не абы кем, а итальянским архитектором Маурицио Педетти - его как раз пригласили помочь с реставрацией костёла. Здесь Скандербек и укрылся от родственников убитого. Надо сказать, о содеянном он всерьез сожалел, не только выплатив виру, но и заказав в костеле заупокойные службы на 350 лет вперед...



Крест установили в честь знакового мероприятия в костёле.



Эту статую часто ошибочно считают памятником кому-то из Радзивиллов.
Меж тем, это святой Ян Непомуцкий. Жил в Чехии в середине XIV века, стал жертвой ""разборок"" короля Вацлава IV c церковью. Одна из самых вероятных гипотез его мученической гибели - король хотел выпытать тайну исповеди королевы...
Изначально статуя святого была поставлена у входа в парк, во времена К. С. Радзивилла (""Пане Коханку""). Этот мот и прохиндей верил, что памятник святому сбережет их род и город от бед!...
Но в прошлом веке статуя частично повторила судьбу того, кому была посвящена. В 20-х годах красные конники срубили Яну голову, перед войной вообще - свергли с пьедестала, расколошматили и скинули в пруд. Однако стараниями добрых людей памятник сохранили, а когда пришло время - кропотливо отреставрировали и поставили уже здесь.



Скромная металлическая доска - дань уважения и памяти ксендзу Гжегожу Колосовскому, бессменному настоятелю костёла в течение полувека. Его стараниями храм уцелел в годы войны. Реставраторы нашли в брусьях стропил... изоляторы! Представьте, после пожара 1944 года, люди резали на стропила телеграфные столбы, спешили навести крышу, чтобы спасти святыню от разрушения, сохранить для потомков чудесные фрески... И уже после войны, именно благодаря ксендзу Колосовскому, уникальная жемчужина раннего барокко не только избежала варварского сноса, но и не закрывала двери для прихожан...

Костёл был закрыт, но я не унывал, обошёл здание с северо-восточной стороны.



Великолепный вид на купол и апсиду костёла! К тому же, с этой стороны реставраторы уже заканчивают свой кропотливый труд...



Еще в 2010 году, во время работ по восстановлению фасада, было обнаружено, что под слоем штукатурки скрывается роспись. Талантливые художники, которые выполняли фрески внутри храма, славно потрудились и снаружи, отделав фасад!
В центре видны монограммы ордена иезуитов и рода Радзивиллов. Собственно, эта символика, скорее всего и послужила причиной тому, что росписи скрыли под штукатуркой...

Конечно к костёлу ""прилагался"" иезуитский коллегиум. И он исправно функционировал, давая слушателям качественное образование. Но в 1773 году после упразднения ордена иезуитов там устроили... солдатские казармы, а в 1825 году обветшавшее здание просто снесли...
В 2013 году всплыл ""инновационный"" проект - отстроить коллегиум, как... пятизвёздочную гостиницу. Хвала Господу, инвестора не нашли...



Обойдя костёл, я вернулся во двор. На дверях костёла висят объявление о запрете фотосъёмки, и судя по тому, что я загуглил после поездки, еще пару лет назад этот запрет вовсе не был формальным. Даже на алтарях соответствующие таблички были...
Вообще-то в католических храмах относятся к человеку с фотоаппаратом вполне лояльно. Здесь почти нет риска близко познакомиться с очень воцерковлённой бабушкой или милым созданием в платочке: ""А у нас съёмка только с благословения батюшки (_во дворе_ церкви!). Прекрасно помню лёгкое изумление, когда во время первого знакомства с собором св. Франциска Ксаверия в Гродно смотритель сказал: ""Вы снимайте, если хотите, не стесняйтесь"".
И все же, стоит знать несколько простых правил, которые помогут избежать неловких ситуаций.
1. НИКАКИХ ВСПЫШЕК! От слова ""совсем"". Не знаю, вредят ли они старинным изображениям, но на нервы окружающим действуют отменно! К тому же, в большом помещении толку от вспышки мало, хороший фотоаппарат со светосильной оптикой справится куда лучше.
2. Месса - это совершенно не то время, когда стоит разгуливать по храму, с фотоаппаратом или без.
3. Селфи - вообще дурной тон, но в храме - это СВИНСТВО! Помню, как меня самого покоробило, когда, в том же соборе св. Ксаверия, велотуристы из Европы принялись ""фоткаться"" на фоне главного алтаря... Это при том что я, вообще-то, не религиозен.
4. Последнее, неочевидное - снимать надо ХОРОШО! Самый внятный аргумент против фото в храме, что я слышал - ""чтоб не распространяли дрянных фотографий"". ;)

Пока я размышлял над этим, пришла служительница. Добрая женщина, дай Бог ей здоровья, не только впустила меня в костёл, позволила осмотреться, не препятствовала фотографировать, но и дала переснять материалы, которые хорошо помогли мне при написании этого обзора.



Вид от входа. Кликайте для увеличения!
Конечно, фото, при всём моём старании не могут передать великую красоту. Но понятие вы получить сможете...



На потолочную роспись костёла Божьего Тела можно любоваться, пока не начнет затекать шея.
Фрески заметно моложе храма, их писали уже в середине XVIII века, когда Михаил Казимир Радзивилл, прозванный ""Рыбонька"", решил вернуть костёлу утраченное великолепие. Его придворные художники Ксаверий Доминик Геский и его сын Юзеф - сотворили настоящее чудо! Тогда не знали слова ""трёхмерный"", но как же мастерски передан объём! Просто не верится, что все эти колонны, ниши и проёмы - нарисованные...



Оформление купола и светового барабана.



Фреска над главным алтарём имеет название ""Апофеоз католической церкви"". Здесь она как раз немного скрыта люстрой...



В главном алтаре костёла - икона ""Тайная вечеря"". Создавали ее все те же Ксаверий Доминик Геский и его сын. Художник дерзновенно отказался от канонически горизонтальной композиции этого сюжета. И - попробуйте сами догадаться почему только от одного апостола падает тень...
По бокам, предполагаю, изображения святых Игнатия Лойолы и Франциска Ксаверия.



В боковых нефах базилики располагаются небольшие алтари.



Крест справа - украшал когда-то купол храма. Рубленые ""раны"" - от танкового снаряда, который в 1944 году попал в купол. А вот пулевые отверстия - скорее всего на совести солдат из части, которая располагалась неподалёку от костёла в 60е годы... :(((



Эта каменная доска - память первенцу Н. Х. Радзивилла, который покинул этот мир, когда ему было всего два года.
На барельефе видны сколы. Не от казацких ли сабель, когда в 1655 году русские войска штурмовали Несвиж?



Очень выразительное изображение архангела...



Почти прошёл левый неф базилики...
Где-то здесь вход в усыпальницу Радзивиллов. Да, под костёлом расположен целый некрополь, где в саркофагах нашли вечный покой многие представители рода. Туда я не пошёл, не захотел тревожить мёртвых праздным любопытством...



Это алтарь Святого Креста. Согласно первоначальному замыслу, именно он должен был стать главным. Обратите внимание на колонны, которые поддерживают ангелы - это символ поколебавшейся веры Радзивиллов и братья-иезуиты, которые вырвали Н. Х. Радзивилла Сиротку из ""лап"" протестантов... Есть и другое толкование - это братья иезуиты спасают пошатнувшийся авторитет католической церкви...



Память сыну Н. Х. Радзивилла. Христофор Николай умер в 16 лет в Болонье. Дубовые листья венка велел сбить сам Сиротка еще при установке памятника. Хрупкая красота жизни...



А вот этот барельеф из песчаника поставили уже по самому Николаю Христофору Радзивиллу Сиротке. Магнат и фундатор костёла молится на ""ружанце"", отбросив рыцарские латы. Эпитафию придумал сам Сиротка. Полностью она звучит так: ""Перед лицом Смерти никто не рыцарь, но странник-пилигрим""...



А вот тут чутьё мне изменило. Начало правого нефа заснял лишь общим планом.
Но здесь так много интересного!
Слева направо. Икона на колонне, наполовину скрыта бирюзовым изображением девы Марии - это святой Андрей Боболя, легендарный проповедник, зверски убитый казаками Богдана Хмельницкого. Да, он выступал в этом костёле...
Рядом - алтарь Антония Падуанского, францисканского проповедника, почитаемого как чудотворца. Он увенчан изображением женщины, которая полулежит на гробовой доске. По наиболее вероятной версии, барельеф посвящен Констанции Радзивилл-Чудовской. Она ушла, когда ей было всего 28 лет...
В центре снимка - алтарь Девы Марии, симметричный алтарю Святого Креста.



На сводах тоже есть фрески, только монохромные. Икона у края справа - это Максимилиан Кольбе, священник-францисканец, отдал жизнь в Освенциме за незнакомого человека.



Последний алтарь в правом нефе. Справа - памятная доска, посвящена литератору и краеведу Владиславу Сырокомле (Людвику Кондратовичу). Его жизнь неразрывно связана с Несвижем и фарным костёлом...

Моя маленькая частная экскурсия подошла к концу. Денег, конечно, никто никаких не запросил. Но я исполнил долг честного человека - опустил денежку в один из ящиков для пожертвований. Ибо работы по реставрации далеки от завершения, да и содержание костёла требует средств.

Конечно же, я еще вернусь сюда. И не только взглянуть, что получилось у реставраторов, а просто - постоять и полюбоваться на великую красоту, увидеть то, что пропустил, оглушённый великолепием.

Так что, спустя год-два обзор, полагаю, будет обновлен. ;)
"
Продуктовый,Позитивный,"Театральная лаборатория КукLab (Россия, Москва) - Спектакль ""Лебединое озеро"" – современная версия для малышей","Музыка, декорации, свет, звук, камерный зал, уютное пространство, дружелюбный персонал",Явных нет,"В прошедшее воскресенье впервые посетили с сыном (1 год 11 месяцев) театральную лабораторию КукLab. А заинтересовало меня место тем, что это одно из немногих заведений в Москве, где можно посмотреть бэби спектакли. Например, в феврале-марте для малышей от одного года в студиях КукLab показывают облегченную версию спектакля «Лебединое озеро». Мы с младшим ребенком неоднократно бывали на различных детских мероприятиях, но вот балет для малышей ещё ни разу не смотрели. Ознакомившись с описанием постановки, я решила: а почему бы и да!

Танцевальный спектакль «Лебединое озеро» проходит на разных площадках. Нам довелось посмотреть его в студии на Смоленской. На выбор было два сеанса: в 10:30 и в 12:00. Под нынешний режим моего ребенка идеально подошел самый ранний показ.

Билеты можно приобрести на официальном сайте КукLab. Стоимость фиксированная и зависит только от места проведения постановки. Так в студии на Смоленской цена билета составляет 1 600 рублей. Как и в большинстве театров, здесь также действует правило покупки билета для каждого зрителя. А так как маленький ребенок не может посетить спектакль один, то получается, что меньше 3 200 рублей заплатить не получится. Хотя есть возможность немного сэкономить, например, иногда можно поймать промо код на скидку в различных тематических мамских группах. Но тут стоит иметь в виду, что на такие камерные мероприятия билеты быстро разлетаются.



Театральное пространство на Смоленской находится в 8-10 минутах ходьбы от метро Смоленская или Киевская. В этот раз я решила отказаться от общественного транспорта и повезла ребенка на машине. У студии своей стоянки для гостей, к сожалению, нет. В этой части доступны только городские парковочные места. Выехали мы прилично заранее, чтобы неспешно добраться и в спокойной обстановке осмотреться, привыкнуть к новому месту… Но нас подвела погода и парковка, поэтому вместо спокойного распития чая с вкусняшками, мы летели в театр высунув язык.

Здание, в котором расположился театр, нашли быстро. Как только вошли сразу стало легче от того, что мы не заядлые опоздуны.



Приветливый администратор для начала предложила снять верхнюю одежду и надеть бахилы (они тут есть и для детей, но своему ребенку я всегда беру сменную обувь). Затем нам показали, где находится туалетные комнаты, кафе и гардероб.



Помещение театра небольшое, но современное и уютное. Есть здесь и столики, где можно выпить чашку ароматного напитка с какой-нибудь сластью из местного кафетерия. Имеются здесь стеллажи и витрины со всякими книжками и сувенирами. Все можно потрогать, рассмотреть и при желании что-то приобрести.



Туалетная комната чистая, просторная. Единственное, нам не хватило специального табурета, куда бы ребенок мог встать, чтобы помыть руки.

Как и в больших театрах, в зал можно зайти после звонка. Здесь его роль исполняет колокольчик.
Зал камерный с хорошим подъемом. Всего порядка 6-7 рядов. Первый ряд на одном уровне со сценой. На каждом ряду вполне комфортно разместились по пять взрослых и столько же детей. В наш визит я насчитала примерно тридцать зрителей. Рассадка свободная, по принципу: где успел, там и сел. В помещение температура вполне комфортная – не холодно и не жарко.

Продолжительность спектакля 30 минут без антракта. Для самых юных зрителей этого времени более, чем достаточно. Перед началом администратор просит выключить звук на телефонах, рассказывает о правилах поведения и после этого удаляется, оставив зрителей наедине со сказочным действием.

Облегченная версия спектакля «Лебединое озеро» максимально адаптирована для малышей и имеет несколько подкорректированный сюжет. Но в целом основная канва прослеживается. В постановке участвует четыре актера. Спектакль без слов. Это тот случай, когда зритель через музыку и танец должен самостоятельно проникнуться историей, показанной на сцене.



В постановке звучит волшебная музыка Чайковского в современной аранжировке, которая понятна и доступна детям. Пластичные и эмоциональные движения актеров помогают проникнуться чувствами персонажей.



Минималистические декорации из дерева, картона и бумаги несмотря на простоту, имеют свои секретики.



Важно отметить, что интерактива во время спектакля практически нет. Поэтому, чтобы удержать внимание малышни, в спектакле постоянно происходит смена музыкального сопровождения и общей картинки, в том числе за счет игры света.



В целом прекрасное сочетание актерской игры с вкраплением кукольного театра.



На мой взгляд, во всех отношениях эстетически приятный спектакль.



После основного действия у детей и родителей есть 15-20 минут для того, что поближе рассмотреть декорации, поиграть с бумажной стружкой, пообщаться друг с другом и сделать фотографии.



Пожалуй, для малышни это самая интересная часть.



Резюмируя, скажу, что после посещения студия студии КукLab на Смоленской у нас остались положительные эмоции. Атмосферный, современный детский театр семейного формата с приятной обстановкой и интересной программой. Конкретно постановку «Лебединое озеро» я рекомендую посетить, но идти туда надо с детками, которые уже могут высидеть полчаса наблюдая за происходящим. Это постановка эстетического удовольствия. К такому прекрасному приятно прикоснуться. Обязательно ещё вернемся."
Продуктовый,Позитивный,"Женские зимние кроссовки Adidas - Удобно, тепло, не скользко","Качество, вид, комфорт",Для меня — нет,"Несмотря на то, что кроссовки для меня самый любимый и самый предпочитаемый вид обуви, покупать себе зимнюю вариацию этой обуви я как-то не собиралась. Но дочка, покупая себе зимние кроссовки, уговорила и меня посмотреть-померить… Померила... А что, удобно, почему бы и не попробовать))
Итак, зимние кроссовки «Adidas»
Весьма посредственная коробочка



На которой имеется информационная наклейка



Внутри коробки, разумеется, и сами кроссовки



Бирки-ярлычки на веревочке…









QR-код пробивается и через «Госуслуги» и через «Честный знак», идентифицируя кроссовки



Внутри кроссовок специальные вставки из плотного картона для сохранения формы



И тоже брендированные))



Сами кроссовки в очень приятной и не требовательной, на мой взгляд, расцветке







Вроде, и яркие, и в то же время, не броские.
Обо всех своих достоинствах кроссовки буквально говорят сами за себя)



Вшитая бирочка «PrimaLoft» информирует нас о том, что изготовлены кроссовки с применением специального теплоизоляционного материала, легкого и дышащего, но при этом с хорошими водоотталкивающими свойствами, благодаря которому сохраняется тепло и комфорт в любых условиях.



Надпись «COLD.RDY», которая расшифровывается как COLD READY, означает, что кроссовки изготовлены путем наслоения материалов, чтобы оптимизировать тепло, быстро отводя влагу и сохраняя сухость. Проще говоря, основная функция технологии COLD READY — выведение влаги и удержание тепла.



Сетчатые вставки предназначены для обеспечения вентиляции и отвода влаги.







Протектор на подошве весьма своеобразный



А надпись «TRAXION» информирует об уникальном рисунке протектора, обеспечивающем максимальное сцепление с поверхностью без увеличения давления на стопу



Изначально данная технология использовалась при производстве футбольных бутс, но со временем проникла и в другие виды спортивной обуви))
Если верить производителю, промежуточная подошва состоит из легкого и упругого пеноматериала EVA, обладающего отличными амортизирующими качествами и обеспечивающего комфорт при любых условиях эксплуатации обуви.
Подошва с заходом на мысок, так что оббить мысы на получится))



В пяточной части имеется жесткая вставка с плавным заходом, фиксирующая пятку







Ну и петелька для удобства надевания, если кому-то так обуваться удобнее, чем при помощи обувного рожка))



Язычок у кроссовок пришит практически до самого верха



Обуваться это не мешает.
В верхней части язычка логотип



Шнурки круглого сечения.



Начинается шнуровка от нижней петельки посередине



Проходит по всему язычку, складывая его по специальным складкам







И заканчивается в жесткой верхней части, которая охватывает ногу и надежно ее фиксирует



Завязываются шнурки надежно.



По крайней мере, у меня они ни разу без моей помощи не развязались)) Хотя завязываю я их на самый обычный бантик)

Рассмотрев все снаружи, самое время заглянуть во внутрь))



В верхней части какое-то подобие слабо пушистого меха. Этакий мех Чебурашки, да простят меня поклонники этого сказочного персонажа))
Ниже и по всему кроссовку уже текстильная подкладка. Производитель обозначил ее «легкий эластичный материал с водоотталкивающей мембраной на зимней подкладке»



Эта подкладка не будет протираться, сминаться и «лысеть» со временем…
Стелька съемная. При необходимости можно вытащить, чтобы постирать или просушить



На стельке тоже имеется надпись «COLD.RDY», что означает, что и стелька тоже призвана выводить влагу и удерживать тепло.



Обратная сторона стельки имеет пористую структуру и при размещении внутри кроссовка создается ощущение, что она прилипает, хотя сама по себе обратная сторона стельки совсем не липкая



Толщина самой стельки вполне существенная — 4 мм



И при ходьбе дает дополнительную амортизацию
На внутренней стороне язычка кроссовок бирка с информацией о размере



И о том, что изготовлены кроссовки во Вьетнаме.
Размер соответствует. На мой 35-й — то что надо. Ни больше ни меньше. Без учета теплого носка. Теплые носки я не люблю. Также, как и свитера… И не ношу ни то, ни другое, даже в сильные морозы)) Вообще, мне не очень комфортно во всем, что сковывает движения. Поэтому обувь я стараюсь выбирать четко по размеру, без запаса «под носок». Исключение составили сапоги «Kuoma», и то только потому, что их на размер меньше не бывает во взрослой вариации...

Колодка стандартная, по заверениям производителя. И тут я не могу не согласиться)
Ногам в кроссовках очень и очень комфортно.
Первый раз я обула эти кроссовки, когда на улице было -25… Разумеется, на обычный тонкий носок. И, если честно, была просто уверена, что ноги замерзнут. Но, надо признать, что за полуторачасовую прогулку на морозе у меня замерзло только лицо)) А ноги не только не замерзли, но и еще и остались теплыми. Конечно, эти полтора часа я не стояла на месте, а активно двигалась, но все же…
Производитель позиционирует кроссовки, как обувь для хайкинга в холодную погоду, то есть, для непродолжительных пеших прогулок на природе. И обещает тепло и сухость в условиях холода и высокой влажности.
И я смогла убедиться, что так оно и есть)) В этих кроссовках действительно тепло и сухо.
И, плюс ко всему, в них совершенно не скользко. Даже если ходить по голому льду.



В целом, кроссовками я очень довольна — легкие, удобные, комфортные, теплые, не скользкие. Все то, что как раз и требуется от зимней обуви. Ноги в них совершенно не устают, можно ходить, ходить и ходить и нет желания скорее вернуться домой и разуться))
К минусам, пожалуй, можно отнести некоторую не универсальность. Все ж таки зимние кроссовки можно носить только с соответствующей курткой-пуховиком и, получается, только на прогулку… В офис, под норковую шубу их, конечно же, не обуешь))

Покупались кроссовки в конце осени, практически с 50 % скидкой, за 9 990 рублей. Думаю, полную стоимость, в 19 990 я бы за них уже пожалела… Особенно не зная, понравятся ли мне вообще зимние кроссовки, как вид зимней обуви)) Но, ведь скидки на то и скидки, чтобы купить то, что не очень-то и нужно))
Ну а тем, кто ничего не имеет против зимних кроссовок, конечно же, смело рекомендую))"
HR,Позитивный,,"Честно говоря, сильно удивлен столь большому количеству негативных отзывов в адрес МВМ. Возможно отзывы по большей части от сотрудников складов и розницы, и про работу там я сказать ничего не смогу. Зато могу рассказать об опыте работы в центральном офисе. Я проработал в коммерческом департаменте 2 года, за это время успел набрать много скиллов, посмотрел на бизнес другими глазами, узнал что «оказывается, там можно было?». В компании очень грамотная и эффективная команда, которая очень быстро реагирует на изменения рынка и в супер-сжатые сроки перестраивает свои внутренние бизнес-процессы в соответствии новым требованиям. В других «А» брендах Российского ритейла, такая «перестройка» займет от 3 месяцев до года. Тут это происходит в течении недели, гладко и бесшовно, как обычная рутина.
Если говорить о работе в коммерции - у вас нигде больше не будет столько свободы в управлении эффективностью своей категории как в МВМ. Никаких ассортиментных комитетов, ты и только ты формируешь матрицу во всех каналах продаж, и несешь ответственность за результат, а он очень нагляден - каждую неделю результат твой виден в отчетности по продажам рынка и динамике твоей доле на нем. Компания дает абсолютно все инструменты для эффективной работы с категорией и достижения результата, я вообще не понимаю как в МВМ можно показывать отрицательный результат. Люди в команде опытные, тонко чувствующие рынок и его тренды. Высокая годовая премия - 50%, выплачивается при выполнении компанией плана (ebitda) всем сотрудникам. Стоит добавить что компания всегда выполняет план, и тут заслуга не только коммерции, свой огромный вклад вносит вся команда - маркетинг, ценнообразование, логистика, розница. Вся команда работает на результат как единый живой организм, а все потому, что HR департамент расставил грамотно KPI во всех подразделениях компании. В коммерции МВМ вы обязательно получите крутой опыт, вне зависимости от того менеджер вы или директор, вы многому научитесь. Про соц пакет говорить наверное нет смысла, все есть, и ДМС с зубами и страховка. Лично я никогда в жизни ДМС не пользовался, но согласитесь приятно когда он есть:)","Даже не знаю что в минусы написать, откровенно не к чему придраться. Наверное можно добавить мою историю ухода из компании, но она никак не связана с самой компанией, как говорится, «защиты от дурака» нет нигде. Так уж вышло что меня с хорошими показателями по динамике доли «попросили на выход»под высосанным из пальца предлогом, при том что предлог напрямую конфронтует с результатами работы.
Долго занимался самокопанием - Почему так произошло? Что не так сделал? Как мог дорогу перейти? Чем мог не угодить? А спустя пару месяцев весь расклад по ситуации всплыл на поверхность - взрослый дядька, к которому я относился с уважением, как к старшему мастеру и профессионалу, повел себя как обиженный подросток с юношеским максимализмом: на кого-то обиделся и решил уйти из компании хлопнув дверью, развалив перед этим команду и забрав часть людей с собой. Чтобы новый руководитель пришел к разбитому корыту. Детский сад в общем, но такие люди по жизни могут попасться на пути где угодно и когда угодно, так что вины компании тут нет. Меня быть может могла бы спасти аудиенция с коммерческим директором в той ситуации, но у меня характер такой, что не могу о помощи никого просить, не смог через себя переступить.
Тут стоит отметить, очень важный момент, выплата годовой премии была после моего ухода, и мне ее компания могла бы и не выплачивать, а там очень серьезная сумма. Но компания выплатила все до последней копейки, и это заслуживает того, чтобы снять перед ней шляпу. Думаю в большинстве компаний РФ меня бы кинули. Но не в МВМ, и за это отдельное большое спасибо Зененковой Елене, чуткому и честному Руководителю из HR, очень круто когда персоналом управляют такие порядочные люди.
Если меня когда-нибудь еще раз позовут в МВМ - долго раздумывать не буду, пойду) И Вам советую!:)",
HR,Нейтральный,,"Почитал отзывы очень сильно удивился такое ощущение что пишут не про Мвидео вообще. Работаю чуть больше полгода, до этого работал во многих розничных сетях, но Мвидео это реально место в котором приятно ходить на работу. Созданы условия и есть много инструментов для продаж. Зарплата официальная полностью, стабильно без задержек, график гибкий (выставляешь по желанию) смена 8 часов!(в отличии от большинства других сетей). Коллектив супер. Корпоративные скидки. Реальная возможность карьерного роста с продавца до менеджера (он же замдир по сути).","Процент личной премии конечно грустный по сравнению с другими сетями (к примеру в найфле премия от услуги больше в 12 раз, но тут дает свое влияние оборот компании который у найфла наааааамного меньше, если сравнить с более менее близким оборотом то процент личной премии меньше в 2-3 раза чем в других сетях, так как есть коллективная премия), а вообще целом система премирования довольна интересна(заработать можно, но надо учиться торговать плюс фактор везения) Ну а в принципе при хорошем выполнении плана магазина даже если личная премия печальная натикает коллективная так что без зарплаты не останешься в любом случае.",
HR,Нейтральный,,"Дружный коллектив, адекватное начальство. Если с мозгами, то есть возможность роста даже до директора. Если продавать и стараться-зп довольно приличная, бывает и 40-50 тыс. С работы в темное время суток организовано такси. Имеется столовая с тв.",Весь день на ногах. Не всегда адекватные покупатели.,
Продуктовый,Позитивный,,,,"Те кто читает отрицательные отзывы помните мы живем в России где люди не привыкли благодарить, а только жаловаться и писать негатив! Я очень люблю зоозавр в своем городе Тольятти все доброжелательные и всегда помогут, то что происходит в городах с отрицанием это не зоозавр виноват, а люди такие же как вы негативщики! Надо любить этот мир и он полюбит вас! А прежде чем осуждать, сами встаньте на место того же директора!"
Продуктовый,Позитивный,,,,"Магазин отличный, персонал вежливый помогли найти нужный товар"
Продуктовый,Позитивный,,,,"Очень хороший зоомагазин, милые консультанты"
Продуктовый,Позитивный,,,,"Всегда хожу в зоозавр рядом с домом, радуют скидки, иногда и в интернет-магазине у них заказываю. Никогда не подводили, всё в наличии, даже ветаптека."
Продуктовый,Позитивный,,,,"Самый дешевый зоомагазин в моём районе. Как ни зайду, всегда акции и скидки на мой корм."
Продуктовый,Позитивный,,,,"У нас два кота, и вот уже года полтора мы покупаем корма и всякие штуки для животных в зоозавре. Что нравится - большой ассортимент, есть буквально все, и плюс цены очень хорошие. Часто бывают скидки, присылают промокоды и тд, и вообще я сколько сравнивал с другими зоомагазинами - здесь почти всегда дешевле. Покупаем роял канин сухой и влажный, почти всегда по акции попадаю и цена очень хорошая. Проблем с покупками не было никогда. Вот вчера забрал еще корма по отличной цене, на других сайтах смотрел - дороже."
Продуктовый,Позитивный,,,,"Побывал в зоомагазине от детского мира ""зоозавр"". Хочу написать пару слов о нем.

 Продавцы очень вежливые, всегда рады помочь (подсказать) о том или ином товаре или лекарственному препарату для животного. В магазине чисто, чего не скажешь о других зоомагазинах. Все разложено на своих местах. Все доступно.

 Качество обслуживания на высоте."
Продуктовый,Позитивный,,"Достоинства: Легко нашла нужный мне товар, легко заказала.",,"Комментарий: Спасибо большое работнику магазина. Я ошиблась и на сайте заказала не ту игрушку, часть заказа оставила в магазине без всяких проблем."
Продуктовый,Позитивный,,"Достоинства: Очень понравились цены - много скидок, в итоге покупки получились гораздо дешевле, чем покупали ранее таких же товар в других магазинах! Понравилось удобство для покупок - можно и на сайте заказать, и в приложении, и в филиале. Удобное оформление заказов, отслеживание этого заказа, информирование о готовности.","Недостатки: К сожалению нет сухого корма для кошек, который мы используем (из 3 брендов есть только один, но в нем очень малый ассортимент и нет нужного корма) - пришлось заказывать в другом магазине, а хотелось бы все в одном, это удобнее.","Комментарий: Впечатления очень хорошие - много скидок, чувствуется отличная серьезная организация процессов продаж, удобно заказывать, и получать свои заказы."
Продуктовый,Позитивный,,,,"Хороший зоомагазин. Если делать заказ предварительно через интернет, то получается выгоднее (на сайте бывают акции, скидки). Заказ собирают быстро, удобно забирать самовывозом."
Продуктовый,Позитивный,,,,"Магазин классный, всегда есть все в наличии , покупаю еду для своих малипусичек , цены кстати ниже чем в других зоомагазинах что очень хорошо🤗 и ребята там молодцы👍 посоветуют то что нужно и всегда предлагают только то что реально нужно твоему питомцу . Мне очень нравится этот магазин . Спасибо всему персоналу 🤗"
Продуктовый,Позитивный,,,,"Купила своей любимой Герде игровую площадку, чтобы она могла себя чем-то занять, кроме как портить мебель в квартире. У нее по- видимому свое видение интерьера нашей с ней жилплощади и теперь вся мягкая мебель и шкафы украшены царапками моей любимицы. Проблему нужно было решать, поэтому за покупкой комплекса домика и когтеточки я обратилась в интернет-магазин Зоозавр, и нисколечко не пожалела. Консультанты магазина, отнеслись к нашей проблеме серьезно и с участием и предложили несколько вариантов площадок, которые могут заинтересовать мою красавицу. Из множества предложенных товаров я выбрала четырехуровневую игровую площадку, которая изготовлена из мягкого качественного плюша кремового цвета. Первый уровень -это надежное крепкое основание за счет которого вся конструкция крепко держится на ""ногах"" и не падает. Второй уровень оснащен домиком, в котором очень нравится находится моей принцессе, она от него просто в восторге! Третий уровень-это площадка для отдыха и для игры с игрушкой на веревке, которая закреплена на четвертом уровне. Вся конструкция очень надежная благодаря прочным столбикам девятисантиметрового диаметра, которые выполняют функцию когтеточки и выполнены из сизаля. С приобретением такой конструкции проблема порчи мебели совсем не исчезла, но появление новых царапин значительно уменьшилось. Гердочке очень нравится наше новое приобретение, она проводит с ним и в нем большую часть своего времени. Спасибо за классную покупку магазину Зоозавр."
HR,Позитивный,,,,"Не могу пройти мимо и не оставить свой отзыв о АО «Ямалтрансстрой» ОП г. Новый Уренгой.

 Хочу сказать, что однозначно рекомендую данную организацию, Мое знакомство началось на этапе Отдела кадров. Доброжелательно и доходчиво все объяснили, прошлись по всем пунктам трудового договора. Условия работы достойные, комфортные.

 Отдельно хочу выделить директора ОП в г Новый Уренгой,Горобца Евгения Владимировича! Пообщались лично, уважительно относится к подчиненным, заинтересован в каждом сотруднике, что немаловажно. Любые вопросы решает мгновенно.

 В целом, достойный коллектив, достойная зарплата! Хотелось бы побольше таких организаций!"
HR,Позитивный,,,,"Больше двух лет езжу строителем на вахты. Время летит быстро, вроде бы только приехал, уже и ехать домой на отдых. В работе понятно есть свои трудности, но с хорошим коллективом и руководством решается любая проблема. Намерен еще поехать."
HR,Позитивный,,,,"кому как, по мне компания нормальная, платят по договору, мне задержек не было. ездил на вахту на полтора месяца в лобытнанги крановщиком на шестидневку. скоро снова еду, меня все устраивает. жить там можно, в столовке еда хорошая, сытная, но ценик немаленький, так что расчитывайте траты на еду. мужики в коллективе хорошие, сработались быстро"
HR,Позитивный,,,,"На вахты езжу работать на спец-технике кран, бульдозер или экскаватор, мне лично все подходит, коллектив отличный, расходов у меня вообще практически нет, когда я на вахте, зарплата остаётся полностью целой."
HR,Позитивный,,,,"Работаю машинистом экскаватора, на вахты езжу 60 через 30 дней, уже на столько привык что теперь комфортно себя чувствую даже на севере. Работать можно, практически все фирма предоставляет для того чтоб работник не тратился даже в плане питания все отлично. И самым важным будет то- что заработать тут можно денег довольно хорошо, даже на должности обычным строителем."
HR,Позитивный,,,,"Там хоть заработать можно, чтобы семь ю прокомить просто важно понимать куда ты едишь в какие условия что работа не длянытиков и слабаков. И выпивох там не приветсвуют. туда нужны здоровые и крепкие мужики, кстатм по условиям проживания и питания ща лучше стало чем в прошдые годы."
HR,Позитивный,,,,"В прошлом году впервые поехал на вахту плиточником. Это у меня был первый опыт вахтового метода работы. Другие жаловались что-то не так или это. Мне как-то было все равно, вахта 45 суток, можно потерпеть. Тем более комнаты в общаге теплые, кормили нормально, обед с горячим. Работы очень много было, но меня и предупреждали, что так будет."
HR,Позитивный,,,,"Ездил на вахты уже не один раз, по профессии слесарь по ремонту и обслуживанию оборудования. От Ямалтрансстрой работать нормально, бывают вахты в разные места, но по сути везде одинаково. Главное что по зарплате выходит прилично и расходы включая питания фирма оплачивает, мужики, которые ездят со мной в бригаде, работают также по многу лет."
HR,Позитивный,,,,В Ямбург езжу работать вахтами. Пока что не рассматриваю других вариантов привык к этой компании знаю что по оплате все справедливо.
HR,Позитивный,,,,"Съездил на 3 вахты, пока что все нравится, работаю по своей специальности машинист погрузочной машины. Компания практически все условия для комфортной работы создала, есть жилье, питание, спец одежда, оплачивают даже проезд. Зарплата на порядок выше чем на аналогичной должности в других городах, работаем не круглые сутки, рабочий день нормирован, но и переработки случаются."
HR,Позитивный,,,,"Предложил знакомый попробовать поехать на вахту, он ездит уже несколько лет и хвалит эту компанию как надежную. Я согласился, с того времени уже был два раза, работаю автослесарем. Не разочаровался, читал разные отзывы об этой фирме, но съездил сам и убедился, что все вполне достойно — робы есть разных размеров, инструмент исправный, хоть и не новый, на питание выделяют деньги."
HR,Позитивный,,,,"Езжу работать со знакомым на вахты. Слесарем автомобилей. Вдвоем как то не скучно и вообще время вахты пролетает потому что приходишь с работы, поел и отдыхать. Но в общем то времени на веселье или развлечение по сути нет. Заработок выплачивается как и обещается на собеседование, не дурят."
HR,Позитивный,,,,"Первая вахта только закончилась каменщиком изначально были мысли что будет прямо очень тяжело, а на самом деле оказалось, как обычная работа на стройке. По первому приезду меня всем обеспечили- роба, перчатки, проживание в общежитии с условиями."
HR,Позитивный,,,,"Работа норм для меня как холостяка вообще без проблем ездить на вахту. Зарплата не низкая, обеспечение хорошее, главное не косячить"
HR,Позитивный,,,,"Работаю электросварщик ручник, уже был две вахты первый раз было тяжело, как и на любой работе, плюс климат, к которому нужно адаптироваться. А вторая уже как по накатанной работал в полную силу и не заметил, как пролетело 45 дней, работать можно тем более за такую зарплату."
HR,Позитивный,,,,"У нас уже пол села ездят сюда работать. Некоторые жалуются но все ровно ездят . я машинистом экватора 2 работаю, месяц дома."
HR,Позитивный,,,,"Отработал машинистом грейдера, условия непростые, но с зарплатой вопросов нет, все выплачено вовремя. На следующий год снова поеду."
HR,Позитивный,,,,"Езжу монтажником ЖБИ, график вахта полтора месяца работаю полтора отдыхаю. Работа тяжелая на вахтах по другому не бывает. Мужики в коллективе нормальные"
HR,Позитивный,,,,"съездил уже на две вахты, вот на днях еду на третью и уже беру с собой бывшего коллегу по работе. езжу и так работаю преимущественно из за зарплаты даже несмотря на непростые условия на северах. зато тут реально можно заработать так что не будешь перебиваться от зарплаты до зарлптаты, брать кредиты, занимать. конкретно все условия нужно узнавать каждому конечно, все люди разные, но лично меня устраиваит."
HR,Позитивный,,,,"Решил попробовать, съездил на вахту, 2 месяце слесарем по ремонту автомобилей. ничего так, можно работать, климат кстати не такой уже и суровый. Худе было удиться с мужиками, которые постоянно норовились бухать."
HR,Позитивный,,,,"Поехал на свою первую вахту машинистом бульдозера в Иркутск. Опыт работы был небольшой, поэтому я очень был доволен, что можно получить опыт и навыки в этой сфере еще и с отличной зарплатой. По началу конечно тяжело было, непривычно, работа ответственная, но привык и к условиям, и коллектив у нас норм был, мужики если какая проблема помогали без вопросов, все одно дело делаем. Очень благодарен что есть такие компании. Поеду еще"
HR,Позитивный,,,,"Отработал вахту механиком в Салехарде. Условия терпимые, компания всем обеспечивает проживание, питание, спец одежда. Меня лично вахты не напрягают, семьи нет так что катаюсь. С алкоголем, как и везде очень строго расслабиться можно только когда приезжаешь домой. Колектив в этот раз подобрался из нормальных мужиков, сработались неплохо, в прошлом году тоже ездил но не так повезло"
HR,Позитивный,,,,"Для меня главное/, что нормально относятся к вахтовикам, даже самым простым рабочим, платят сколько обещают, нив чем не обманывают."
HR,Позитивный,,,,По вахтам мотаюсь давно и вот уже на третью еду с Ямалтрансстрой. Лично для меня лучший вариант по оплате и условиям.
HR,Позитивный,,,,"Дорогу оплачивают, платят тоже хорошо и вовремя, руководство и коллектив адекватные."
HR,Позитивный,,,,"В целом все устраивает, но очень важно какой народ подбереться, один раз просто жесть была с коллегами. А так обычно мужики нормальные. Но к компании претензий нет, тут все четко отработал-заработал. Проезд оплачивается, руководство адекватное."
HR,Позитивный,,,,"Работаю в строительстве на Ямалтрансстрой вахтой. Все устраивает, зарплатой доволен, условия жизни лучше чем в других фирмах (опыт вахтовика у меня более 10 лет, есть с чем сравнить)."
HR,Позитивный,,,,"Работаю тут второй год. К вахтам уже привык, хотя первая неделя, как приступаешь к новой смене то еще удовольствие, пока втянешься. Но платят исправно, жить есть где, условия норм."
HR,Позитивный,,,,"тут работа для настоящих мужиков а не нытиков это однозначно. если готов работать можно и заработать хорошо. на условия жизни при этом жаловаться не буду, все достойно организовано."
HR,Позитивный,,,,"работа вахтой не нравится только тем, кто привык на диване бока пролеживать. Меня полностью устраивает, все отлично. Отработал несколько вахт, не скажу что прям убийственно для здоровья."
HR,Позитивный,,,,"Работал у них в 2020 году, сейчас значительно лучше и условия, и зп, платят вовремя. В этот раз отличные соседи по комнате, в прошлый раз были немного дебоширные. Конечно, тут не легко, но я понимаю за что работаю, моя семья ни в чем не нуждается."
HR,Позитивный,,,,"Приехал первый раз, страшно было ,но выбора не было. К холоду привык быстро, кстати, порадовала зарплата, которую выдали без проблем и задержек и полностью до копейки как обещали. Работать можно. уже думаю о второй вахте тут"
HR,Позитивный,,,,"Был прошлым летом там на стройке, вахта закончилась, деньги привез, жена довольна. Вот сейчас в ближайшее время опять поеду. Начальство адекватное, но бездельничать не получится. Не знаю, кому как ,а меня все устраивает"
HR,Позитивный,,,,"В прошлом году отработал одну вахту. Впечатления неплохие, главное, что зп платилась, как и обещали на собеседовании, нормально домой вернулся не с пустыми карманами. Работа не легкая, но за то и платят хорошо. Начальство адекватное, коллектив тоже. Пожаловаться не могу. Вот собираюсь снова ехать."
HR,Позитивный,,,,"Работаю в Ямале уже четвертый год. Ноют и причитают те у кого есть косяки: алкоголь, лень и т. д. А кто приехал работать, зарабатывает."
HR,Позитивный,,,,"работать можно, рабочие моменты и проблемы вазникают,как и везде, но решаються, бывает ни за один день, но итог положительный!"
HR,Позитивный,,,,"Не знаю, как там в других местах. Мало где успел поработать. Но тут все приемлемо. зар.плату вовремя платят, все оплачивают. Если кто-то не хочет работать, естественно он здесь не задерживается."
HR,Позитивный,,,,"Устроился монтажником в Салехард. Техника не убитая, но следят очень строго, пить нельзя, можно только работать, но питание и жилье отличное."
Продуктовый,Позитивный,,,,"Приобрела кольцо в интернет магазине 585 золотой. Доставили вовремя кольцо подошло! То, что я и хотела! Рекомендую!"
Продуктовый,Позитивный,,,,Обслуживание супер. Отличный выбор украшений
Продуктовый,Позитивный,,,,Приобрела в в магазине 585 Золотой комплект с топазами. Обслуживание супер. Цены приятно удивили. Возможность обмена и гарантия тоже. Расплатилась картой Халва)
Продуктовый,Позитивный,,,,"Столкнулась однажды с интернет магазином 585, все понравилось, нашла нужный товар, сделала заказ, позвонила девушка, подтвердила заказ, уточнила адрес, я все подтвердила, девушка была вежлива, но пришлось отказаться, так как нужно было ждать из другого города, а мне нужно было срочно, пожтому денежки вернули на карту быстро, хотя сказали что до 7 дней, но на сколько я помню пришли уже на следующий день, так что если кто знает какой конкретно товар он хочет, не нужно мерять, то советую заказать через интернет, доставят до дома, очень удобно считаю, особенно когда нет возможности ехать на другой конец города с ребёнком (как было в лес случае)"
Продуктовый,Позитивный,,,,"Ассортимент ювелирных изделий,можно потратить накопленные баллы на последующие покупки."
Продуктовый,Позитивный,,,,"Через месяц после покупки золотых серёжек с жемчугом, у одной серёжки жемчуг выпал. Магазин спокойно принял обращение о браке. На выбор было возврат денег, обмен или ремонт. Мы выбрали тебе самые серьги"
Продуктовый,Позитивный,,,,"Читаю некоторые отзывы я не могу сдержать смех, честно, такое ощущение что некоторые люди просто хотят какую-то гадость сказать. Увидела здесь несколько отзывов о том что золото не 585 пробы... Вы на бирку с наименованием товара смотрите когда выбираете изделие?! Там можно много чего полезного прочитать, в частности, завод производителя и ПРОБОЙ! В этом магазине есть изделия не только с 585 пробой, никто не скрывает, я несколько раз приобретала изделия 375 пробы, умышленно, зная на что шла. С виду выглядит практически также, однако качество хуже, думаю для тех кто хочет сэкономить очень даже неплохой вариант! Уж поверьте если такая крупная компания мошенничала то их бы уже давно прикрыли.... Но такого нет! Кстати я свои сережки которые брала здесь отдавала на переплавку и в мастерской мне сказали что с пробой проблем нет(585 кстати)! Я и сама хорошо в золоте разбираюсь,сомнений в качестве не разу не возникло!

 Далее хотелось бы сказать на счет ""подозрительно дешевых"" цен на изделия из натуральных камней. Адекватная цена со скидкой,а вот без скидки завышенная. Если посмотреть цены у конкурентов, то практически везде вы найдете бюджетные варианты тем более со скидкой. Для такой крупной торговой сети вполне предсказуемо что они будут снижать цены, именно так все крупные торговые киты ведут себя на рынке. Думаю нам, покупателям, можно из всего этого извлечь только полезное для себя! Это просто маркетинговый ход.

 Покупаю здесь довольно давно, особенно перед праздниками они обычно делают очень большие скидки и акции. Отдельно отмечу акцию ""2 по цене 1"" не знаю есть ли она сейчас, но я попадала на неё довольно часто!

 Также стоит сказать о акции ""Обменяй старое на новое"", можно сдать свои старые золотые и серебренные украшения и на эти деньги купить себе что-то совершенно новое, либо забрать деньги:-) Лично я рекомендую данный магазин."
Продуктовый,Позитивный,,,,"Замечательные консультанты. Первый раз оформляла заказ через интернет, забирала кольцо в магазине. Консультант мгновенно нашел мой заказ, все разъяснил по акциям, подарили карту. Спасибо огромное - очень приятно такое внимание персонала. Запланировала еще одну покупку."
Продуктовый,Позитивный,,,,"Здравствуйте. Хочу выразить слова благодарности. Очень рада покупкам, очень красивые и качественные изделия. Очень люблю радовать своих близких и друзей такими красивыми и модными ювелирными изделиями, купленными в вашей сети."
HR,Позитивный,,,,"Приятно видеть многие отзывы о компании ""Русал"" и понимать, что люди ценят свою работу. Я пришел работать когда было больше привычно название ""Русский алюминий""… Сразу адаптировался, а сейчас уже не представляю себя в другой компании. Тут я состоялся как специалист. Все условия для развития в компании созданы, и оно всячески поощряется, знаю это по своему опыту."
HR,Позитивный,,,,"Нормальные в Русал зарплаты. Регулярно индексируют и повышают. Я почти 2 года работаю, а уже 3 раза повышали зарплаты. Работы при этом больше не стало, все по прежнему. А вот платить стали больше. И условия нормальные оставили. По технике безпасности, по доп выплатам, по медобслуживанию и т.д. Вот у нас и текучки нет, много кто работает очень давно и даже не думают уходить. Мне лично немного надо не каторжную работу, нормальное отношение и нормальную зп. Это все есть. В Русал работа не на износ и нормальный доход, отношение тоже хорошее со стороны начальства в том числе."
HR,Позитивный,,,,"Просторный комфортный офис, близость к метро, стандартная пятидневка по графику. Нормальные взаимоотношения с коллегами и с руководством. Доход тоже на данный момент устраивает, к тому же есть перспектива его значительного роста. Есть также карьерные перспективы. Получить повышение не просто, но вполне реально. Плюс интересные задачи, мощная корпоративная культура и работается отлично."
HR,Позитивный,,,,"Работаю в Русал уже 7 лет. Тут по закону все. Я соответственно и на пенсию раньше выйду, и каждый год в санаторий езжу. Работа такая, предполагает это все. По графику мне лично нормально. Отпуск, больничный как и положено оплачиваются. С зарплатой вообще не бывает проблем, на моей памяти ее никогда не задерживали. Ребята все с которыми работаю по много лет работают, никто не бежит.. потому что стабильная работа и компания крупная. Когда корона была и кризис потом никого не уволили и не сократили у нас, все остались при деле."
HR,Позитивный,,,,"Здравствуйте всем! Работу получил летом, начинал со стажировки, так как было недостаточно опыта, но сейчас работаю на позиции специалиста)) Многому научился за время работы, за это отдельная благодарность руководителю, который на период стажировки был моим наставником)) очень грамотный специалист, хорошо разбирается и у него есть чему поучиться. Да и в общем приняли меня хорошо. По зарплате чем дальше, тем лучше))"
HR,Позитивный,,,,"Устраивался через собеседование в несколько этапов. На каждом помимо HR еще присутствовали специалисты. Вопросов было много, но в основном по делу. В принципе логично, особенно с учетом масштабов такой компании как Русал. В итоге получил приглашение на работу в оговоренные сроки. Далее был испытательный срок, ввод в должность. Прошел успешно. Благодарен коллегам за помощь, поддерживали. Вообще у нас замечательный коллектив, мне комфортно работалось с первого дня. Ну и по уровню дохода явно выше среднего с реальной перспективой роста в дальнейшем."
HR,Позитивный,,,,"Сейчас работаю в Русал вахтой. Месяц работаю и месяц дома. Платят 2 раза в месяц стабильно. Все надбавки, компенсации выплачивают полностью. Так как оформлен официально идут все отчисления, в ПФР в том числе, недавно буквально делал запрос удостоверился. На вахте нормальные условия проживания, питания, на работе соблюдается техника безопасности. Без вопросов, нормальная работа я считаю."